<?xml version="1.0" encoding="UTF-8"?>
<!DOCTYPE hibernate-reverse-engineering PUBLIC "-//Hibernate/Hibernate Reverse Engineering DTD 3.0//EN" "http://hibernate.sourceforge.net/hibernate-reverse-engineering-3.0.dtd" >

<hibernate-reverse-engineering>
	<table name="lytable" catalog="test01"
		class="com.ruanjian.test.model.vo.LyTable">
		<primary-key>
			<generator class="native"></generator><!-- -->
		</primary-key>
	</table>
<table name="userinfo" catalog="test01"
	class="com.ruanjian.test.model.vo.UserInfo">
	<primary-key>
		<generator class="native"></generator>
	</primary-key>
</table>
</hibernate-reverse-engineering>