<?xml version="1.0" encoding="UTF-8"?>
<beans xmlns="http://www.springframework.org/schema/beans"
	xmlns:xsi="http://www.w3.org/2001/XMLSchema-instance"
	xmlns:p="http://www.springframework.org/schema/p"
	xsi:schemaLocation="http://www.springframework.org/schema/beans http://www.springframework.org/schema/beans/spring-beans-3.1.xsd http://www.springframework.org/schema/tx http://www.springframework.org/schema/tx/spring-tx.xsd"
	xmlns:tx="http://www.springframework.org/schema/tx">

	<bean id="sessionFactory"
		class="org.springframework.orm.hibernate4.LocalSessionFactoryBean">
		<property name="configLocations"
			value="classpath:hibernate.cfg.xml">
		</property>
	</bean>

	<bean
		id="baseDAO" class="com.ruanjian.test.dao.BaseDAO" abstract="false"
		lazy-init="default" autowire="default">
		<property name="sessionFactory">
			<ref bean="sessionFactory" />
		</property>
</bean>
	<bean id="userTableDAO"
		class="com.ruanjian.test.dao.impl.UserTableDAO" parent="baseDAO">
	</bean>
	<bean id="userInfoDAO"
		class="com.ruanjian.test.dao.impl.UserInfoDAO"  parent="baseDAO">  
	</bean>
	<bean id="lyTableDAO" class="com.ruanjian.test.dao.impl.LyTableDAO" parent="baseDAO">
	</bean>
	<bean id="loginValidateAction"
		class="com.ruanjian.test.action.LoginValidateAction" abstract="false"
		lazy-init="default" autowire="default">
	<property name="userService" ref="userTableService"></property>
	</bean>
	<bean id="mainAction" class="com.ruanjian.test.action.LyMainAction"
		abstract="false" lazy-init="default" autowire="default">
	<property name="lyService" ref="lyTableService"></property>
	</bean>
	<bean id="addLyAction" class="com.ruanjian.test.action.AddLyAction"
		abstract="false" lazy-init="default" autowire="default">
	<property name="lyService" ref="lyTableService"></property>
	</bean>
	<bean id="regUserAction"
		class="com.ruanjian.test.action.RegUserAction" abstract="false"
		lazy-init="default" autowire="default">
	<property name="userService" ref="userTableService"></property>
	</bean>
	<bean id="userInfoAction"
		class="com.ruanjian.test.action.ModifyUserInfo" abstract="false"
		lazy-init="default" autowire="default">
	<property name="infoService" ref="userInfoService"></property>
	</bean>
	<bean id="pageLy" class="com.ruanjian.test.action.LyMainAction"
		abstract="false" lazy-init="default" autowire="default">
	<property name="lyService" ref="lyTableService"></property>
	</bean>
	<bean id="userLogout"
		class="com.ruanjian.test.action.UserLogoutAction" abstract="false"
		lazy-init="default" autowire="default">
	</bean>
	<bean id="userTableService"
		class="com.ruanjian.test.service.impl.UserTableService"
		abstract="false" lazy-init="default" autowire="default">
		<property name="userDao">
			<ref bean="userTableDAO" />
		</property>
	</bean>
	<bean id="lyTableService"
		class="com.ruanjian.test.dao.impl.LyTableService" abstract="false"
		lazy-init="default" autowire="default">
		<property name="lyDao">
			<ref bean="lyTableDAO" />
		</property>
	</bean>
	<bean id="userInfoService"
		class="com.ruanjian.test.service.impl.UserInfoService"
		abstract="false" lazy-init="default" autowire="default">
		<property name="infoDao">
			<ref bean="userInfoDAO" />
		</property>
	</bean></beans>