<?xml version='1.0' encoding='UTF-8'?>
<!DOCTYPE hibernate-configuration PUBLIC
          "-//Hibernate/Hibernate Configuration DTD 3.0//EN"
          "http://www.hibernate.org/dtd/hibernate-configuration-3.0.dtd">
<!-- Generated by MyEclipse Hibernate Tools.                   -->
<hibernate-configuration>

	<session-factory>
		<property name="dialect">org.hibernate.dialect.MySQLDialect</property>
		<property name="connection.url">jdbc:mysql://127.0.0.1:3306/test01</property>
		<property name="connection.username">root</property>
		<property name="connection.password">123456</property>
		<property name="connection.driver_class">
			com.mysql.jdbc.Driver
		</property>
		<property name="myeclipse.connection.profile">mysql5</property>
		<mapping
			resource="com/ruanjian/test/model/vo/UserTable.hbm.xml" />
		<mapping resource="com/ruanjian/test/model/vo/LyTable.hbm.xml" />
		<mapping resource="com/ruanjian/test/model/vo/UserInfo.hbm.xml" />

	</session-factory>

</hibernate-configuration>