<?xml version="1.0" encoding="UTF-8" ?>
<!DOCTYPE struts PUBLIC "-//Apache Software Foundation//DTD Struts Configuration 2.1//EN" "http://struts.apache.org/dtds/struts-2.1.dtd">
<struts>

	<package name="default" extends="struts-default">


	<action name="loginValidateAction"
		class="loginValidateAction">
		<result name="success" type="redirectAction">mainAction</result>
		<result name="error">/oper_info.jsp</result>
		<result name="input">/login.jsp</result>
	</action>
	<action name="mainAction"
		class="mainAction"><!--  -->
		<result name="success">/frmMain.jsp</result>
		<result name="loginerr">/login.jsp</result>
	</action>
	<action name="addLyAction"
		class="addLyAction">
		<result name="success" >/oper_info.jsp</result>
		<result name="error">/oper_info.jsp</result>            <!--  -->
		<result name="loginerr">/login.jsp</result>
		<result name="modify">/liuyan.jsp</result>  <!-- 修改留言          -->
	</action>
	<action name="regUserAction"
		class="regUserAction">
		<result name="success">/login.jsp</result>
		<result name="error">/oper_info.jsp</result>
	</action>
	<action name="pageLy"
		class="pageLy">
		<result name="success">/main.jsp</result>
	</action>
	<action name="userLogout"
		class="userLogout">
		<result name="success">/oper_info.jsp</result>
	</action>
	<action name="modifyUserInfo"
		class="userInfoAction">
		<result name="success">/modify_user_info.jsp</result>
		<result name="loginerr">/login.jsp</result>
		<result name="main" type="redirectAction">pageLy</result>
	</action></package>
	<constant name="struts.i18n.encoding" value="utf-8"></constant>  
	</struts>    
<!--  -->